Number,Gender,NameSet,Title,GivenName,MiddleInitial,Surname,StreetAddress,City,State,StateFull,ZipCode,Country,CountryFull,EmailAddress,Username,Password,BrowserUserAgent,TelephoneNumber,TelephoneCountryCode,MothersMaiden,Birthday,Age,TropicalZodiac,CCType,CCNumber,CVV2,CCExpires,NationalID,UPS,WesternUnionMTCN,MoneyGramMTCN,Color,Occupation,Company,Vehicle,Domain,BloodType,Pounds,Kilograms,FeetInches,Centimeters,GUID,Latitude,Longitude
1,male,American,Mr.,Charles,E,Rivera,"3876 Peck Court","Laguna Niguel",CA,California,92677,US,"United States",CharlesERivera@einrot.com,Dishmed,EiNg1each,"Mozilla/5.0 (Windows NT 6.2; WOW64) AppleWebKit/537.36 (KHTML, like Gecko) Chrome/68.0.3440.106 Safari/537.36",949-425-8574,1,Dow,12/11/1983,37,Sagittarius,MasterCard,5558524230108031,171,4/2026,564-01-1899,"1Z 596 810 79 0065 835 2",0274157935,84829781,Blue,"Speech therapist","Circuit City","2006 Kia Opirus",adelaidem.com,A+,152.2,69.2,"5' 7""",171,2760d7ba-6cb3-45e8-97ba-9034ff7fe031,33.436148,-117.706725
2,male,American,Mr.,Mike,A,Armstrong,"3962 Deer Haven Drive",Greenville,SC,"South Carolina",29609,US,"United States",MikeAArmstrong@armyspy.com,Estinabot,wau8Jo0ai,"Mozilla/5.0 (Windows NT 10.0; Win64; x64) AppleWebKit/537.36 (KHTML, like Gecko) Chrome/74.0.3729.131 Safari/537.36",864-294-8695,1,Race,4/15/1942,78,Aries,Visa,4556141042852568,997,6/2022,250-43-4506,"1Z 769 369 03 5952 142 3",3902846744,17854662,Silver,"Radiation therapist","Best Biz Survis","2010 Volkswagen Routan",casainterativa.com,O+,219.8,99.9,"5' 7""",170,bbacf81f-4687-4d8b-b1b6-e6cbbd78ee91,34.928553,-82.448272
3,female,American,Ms.,Annette,R,Todd,"165 Elkview Drive","Port St Lucie",FL,Florida,33452,US,"United States",AnnetteRTodd@superrito.com,Sawley,ij5Ou9fah,"Mozilla/5.0 (Windows NT 6.3; Win64; x64; rv:66.0) Gecko/20100101 Firefox/66.0",772-336-2088,1,Burton,1/10/1942,79,Capricorn,Visa,4929977763029385,828,10/2026,768-01-7192,"1Z 412 864 31 5756 942 5",9070165155,19153782,Blue,Groundskeeper,"Jewel Mart","2008 Audi RS6",savevideoclip.com,A+,132.7,60.3,"5' 1""",154,9af36141-6b8d-41af-b63a-038f81aaf511,27.228386,-80.353854
4,male,American,Mr.,Eddie,E,Harrington,"88 Short Street",Georgetown,TX,Texas,78626,US,"United States",EddieEHarrington@teleworm.us,Liew1958,ioquey7Choh,"Mozilla/5.0 (iPad; CPU OS 12_2 like Mac OS X) AppleWebKit/605.1.15 (KHTML, like Gecko) Version/12.1 Mobile/15E148 Safari/604.1",512-931-4776,1,Montagna,2/13/1958,62,Aquarius,Visa,4716040979824102,431,10/2022,645-40-6629,"1Z 729 160 02 0425 175 3",3843899393,48839526,Blue,"Gynecology nurse","Unity Stationers","1999 Peugeot Partner",pinklungvape.com,B+,217.1,98.7,"5' 8""",173,7fe8d37d-30e5-40ab-b405-b70e7c04e1e8,30.633359,-97.676866
5,female,American,Ms.,Agnes,J,Harris,"4663 Wildwood Street",Akron,OH,Ohio,44312,US,"United States",AgnesJHarris@einrot.com,Olcury,eiRou6iquuk,"Mozilla/5.0 (Macintosh; Intel Mac OS X 10_14_5) AppleWebKit/605.1.15 (KHTML, like Gecko) Version/12.1.1 Safari/605.1.15",330-733-7369,1,Wells,7/1/1984,36,Cancer,Visa,4916545142865665,749,9/2024,302-44-0538,"1Z 043 511 63 5984 165 6",5761610307,36441935,Black,"Immigration inspector","Standard Sales","2002 BMW 520",cjdewe.com,B+,143.7,65.3,"5' 7""",170,310fe8c5-599a-4b2a-9725-595888dafe98,41.057542,-81.424515
6,female,American,Mrs.,Stephanie,M,Davis,"4072 Hummingbird Way",Boston,MA,Massachusetts,02199,US,"United States",StephanieMDavis@rhyta.com,Rint1959,Ohra5shie,"Mozilla/5.0 (Windows NT 6.1; Win64; x64) AppleWebKit/537.36 (KHTML, like Gecko) Chrome/74.0.3729.157 Safari/537.36",781-917-9564,1,Gardner,3/29/1959,61,Aries,MasterCard,5180411048399521,626,5/2022,026-54-5788,"1Z 261 A71 57 6190 020 9",6229940992,38326976,Blue,Executive,Littler's,"1998 Daewoo Matiz",liaciaincorp.com,O+,210.1,95.5,"5' 3""",159,cf4eaaf6-f3e1-459c-ac2b-1df87149d726,42.384893,-71.175072
7,female,American,Mrs.,Marie,W,Tellez,"1638 Taylor Street",Mamaroneck,NY,"New York",10543,US,"United States",MarieWTellez@armyspy.com,Spinckess,aa8Ieraeree,"Mozilla/5.0 (Macintosh; Intel Mac OS X 10_14) AppleWebKit/605.1.15 (KHTML, like Gecko) Version/12.0 Safari/605.1.15",914-670-5261,1,Alexander,4/28/1991,29,Taurus,Visa,4485260623600356,539,9/2023,105-80-0917,"1Z Y33 591 82 3530 170 0",6718985247,26024451,Red,Echocardiographer,"Baltimore Markets","2008 Volvo XC70",lyrictrend.com,A-,168.7,76.7,"5' 6""",167,99f4c051-7f17-43c3-9132-bd89e5945173,41.007034,-73.791569
8,male,American,Mr.,Gordon,M,McMurray,"2715 Hickory Heights Drive",Baltimore,MD,Maryland,21202,US,"United States",GordonMMcMurray@cuvox.de,Famitenton,shohd0Sohloh,"Mozilla/5.0 (Windows NT 10.0; Win64; x64) AppleWebKit/537.36 (KHTML, like Gecko) Chrome/73.0.3683.103 Safari/537.36",443-927-2761,1,Becker,2/25/1946,74,Pisces,MasterCard,5242382319364161,098,7/2026,212-42-9208,"1Z 0A7 760 94 5736 129 5",2608044076,42489285,Blue,"Counter and rental clerk","Sunflower Market","1996 Lotus Elan",callahansigns.com,A+,178.4,81.1,"5' 10""",178,9f947d9c-2e97-47f3-8512-9444e3ce5464,39.281701,-76.586088
9,male,American,Mr.,Leo,V,Cooper,"4195 Pineview Drive",Lynd,MN,Minnesota,56157,US,"United States",LeoVCooper@gustr.com,Warte1981,yiesaeSh3ai,"Mozilla/5.0 (Windows NT 10.0; Win64; x64) AppleWebKit/537.36 (KHTML, like Gecko) Chrome/74.0.3729.131 Safari/537.36",507-865-2666,1,Nichols,3/30/1981,39,Aries,MasterCard,5501138731498383,045,7/2022,471-05-4821,"1Z 854 947 88 4240 054 5",4812932151,96293757,Blue,Programmer,"Big D Supermarkets","2004 Lancia Phedra",sonwap.com,O+,201.7,91.7,"5' 9""",174,e346dcc5-297e-40d7-be46-7eb0dac5a76b,44.383771,-95.853045
10,male,American,Mr.,Jeremy,M,Molino,"4318 Jail Drive",Maquon,IL,Illinois,61458,US,"United States",JeremyMMolino@gustr.com,Ackithe,Oopae7ci9,"Mozilla/5.0 (Macintosh; Intel Mac OS X 10_14_4) AppleWebKit/537.36 (KHTML, like Gecko) Chrome/73.0.3683.103 Safari/537.36",309-875-8551,1,Pennington,9/6/1960,60,Virgo,MasterCard,5220242622385764,819,9/2025,325-64-0111,"1Z 15Y 277 45 2502 466 7",9278203350,36732474,Blue,"Benefits clerk",Protean,"1996 Italdesign Legram",vitaepet.com,O+,159.7,72.6,"6' 0""",182,c815da2e-591f-4986-bed9-f41d0f842ff2,40.892385,-90.136978